{
  "IsEncrypted": false,
  "Values": {
    "FUNCTIONS_WORKER_RUNTIME" :  "python" , 
    "AzureWebJobsStorage" :  "DefaultEndpointsProtocol=https;AccountName=cw111;AccountKey=LazeWkDfods8Jw3bRq9Giy2GhPMXlb5DGDBHQjU/EbIZWEco/v7p3sb00qU1lH+pKGImMbYbtWE9+AStwMFxcg==;EndpointSuffix=core.windows.net" , 
     
    "AzureCosmosDBConnectionString" :  "AccountEndpoint=https://cw1.documents.azure.com:443/;AccountKey=HLmf9grTTJH4t6civP3DrvaFOPh3EainQcI7AY4QLa4XCLkj6J2z72VivJO0RRwd6N9Z06HaMgBoACDb6U6Rag==;" , 
    "DatabaseName"  :  "quiplash" , 
     
     
    "PlayerContainerName"  :  "player" , 
    "PromptContainerName"  :  "prompt" ,
    
    "TranslationEndpoint" :  "https://api.cognitive.microsofttranslator.com/" , 
    "TranslationKey" :  "EDSkoE49ebL7eZD71OBSrX4QPNN8j6g0lUFLCDpRCuV5idBZMKWkJQQJ99AJACmepeSXJ3w3AAAbACOG5cLK",
    "TranslationRegion": "uksouth",


    "Prompt_tranalate_key":"EDSkoE49ebL7eZD71OBSrX4QPNN8j6g0lUFLCDpRCuV5idBZMKWkJQQJ99AJACmepeSXJ3w3AAAbACOG5cLK",


    "translatorURL"  :  "https://api.cognitive.microsofttranslator.com/",
    "DeploymentURL"  :  "https://cw111.azurewebsites.net" , 
    "OAIEndpoint"  :  "https://cw1111.openai.azure.com/" , 
    "OAIKey"  :  "DjdPjZn1x343ZryAXtO1X4D01RtjrAk4BtymnwdS5EbXGhLEY669JQQJ99AJACmepeSXJ3w3AAABACOGuIKm",
    "OAIVision" :"2024-02-01",

    "FunctionAppKey"  :  "jLncRoiYHvcqdgXVSKmMGKSpSpPSDRxgLS-WI5jJASR4AzFujfBAdQ==" 
     
     
  }
}